{"max_q": 960000.0, "init_soc": 960000.0, "t_max": 20000, "css": [{"node_id": 11, "type": 1}, {"node_id": 12, "type": 2}, {"node_id": 13, "type": 0}], "process_times": [0, 0, 0, 0, 0, 0, 0, 0, 0, 0, 0, 0, 0, 0], "breakpoints_by_type": {"0": {"time": [0.0, 19.0, 23.0, 31.0], "charge": [0.0, 816000.0, 912000.0, 960000.0]}, "1": {"time": [0.0, 37.0, 46.0, 66.0], "charge": [0.0, 816000.0, 912000.0, 960000.0]}, "2": {"time": [0.0, 76.0, 92.0, 122.0], "charge": [0.0, 816000.0, 912000.0, 960000.0]}}, "energy_matrix": [[0.0, 307388.623122262, 378367.82698850066, 48433.33691787093, 296685.069770961, 125663.5687062881, 95532.98514125893, 474706.3546288379, 340051.1909992376, 122731.21546697075, 398913.4657102967, 458874.4926447754, 170437.84240889698, 0.0], [307388.623122262, 0.0, 449492.3699296796, 322090.8509256356, 552261.3477783866, 316472.9224199126, 221262.36829836204, 180399.36945566072, 530309.429130767, 273332.6921994514, 91650.49099704812, 182641.6316862067, 185836.50072039134, 307388.623122262], [378367.82698850066, 449492.3699296796, 0.0, 334034.4153302171, 647040.4918743494, 500208.9563372491, 340360.82508126576, 501941.3592492653, 715073.1431119476, 482774.30674177344, 501999.181398735, 458449.7927799728, 296946.7092341654, 378367.82698850066], [48433.33691787093, 322090.8509256356, 334034.4153302171, 0.0, 326502.17840008356, 173912.45103499628, 100878.34566942495, 479925.9903881014, 381459.4744202849, 170117.5420848773, 412223.3208468439, 459573.4958904832, 161782.6667168025, 48433.33691787093], [296685.069770961, 552261.3477783866, 647040.4918743494, 326502.17840008356, 0.0, 235797.0061832847, 384637.44698741956, 732311.0379135357, 130275.77719975419, 278928.6703173411, 639135.311377802, 727315.0628338451, 462930.3902856238, 296685.069770961], [125663.5687062881, 316472.9224199126, 500208.9563372491, 173912.45103499628, 235797.0061832847, 0.0, 175216.21286285124, 496535.8276348244, 235711.4337489805, 43165.74162457999, 403915.5829192531, 492518.0732724435, 249967.21410016954, 125663.5687062881], [95532.98514125893, 221262.36829836204, 340360.82508126576, 100878.34566942495, 384637.44698741956, 175216.21286285124, 0.0, 381500.17119917524, 409495.9477821484, 147393.52936950795, 311370.4556071433, 363970.0004808089, 78385.76481096554, 95532.98514125893], [474706.3546288379, 180399.36945566072, 501941.3592492653, 479925.9903881014, 732311.0379135357, 496535.8276348244, 381500.17119917524, 0.0, 708853.2345450643, 453454.3975142373, 103779.18866516538, 47380.830775747294, 322601.6002750141, 474706.3546288379], [340051.1909992376, 530309.429130767, 715073.1431119476, 381459.4744202849, 130275.77719975419, 235711.4337489805, 409495.9477821484, 708853.2345450643, 0.0, 272364.6659352127, 608712.1471804222, 712333.6384728719, 485488.0926706648, 340051.1909992376], [122731.21546697075, 273332.6921994514, 482774.30674177344, 170117.5420848773, 278928.6703173411, 43165.74162457999, 147393.52936950795, 453454.3975142373, 272364.6659352127, 0.0, 360798.43489821296, 449920.9055489643, 217457.02592696337, 122731.21546697075], [398913.4657102967, 91650.49099704812, 501999.181398735, 412223.3208468439, 639135.311377802, 403915.5829192531, 311370.4556071433, 103779.18866516538, 608712.1471804222, 360798.43489821296, 0.0, 125650.51979598016, 267781.4267270978, 398913.4657102967], [458874.4926447754, 182641.6316862067, 458449.7927799728, 459573.4958904832, 727315.0628338451, 492518.0732724435, 363970.0004808089, 47380.830775747294, 712333.6384728719, 449920.9055489643, 125650.51979598016, 0.0, 299059.723341342, 458874.4926447754], [170437.84240889698, 185836.50072039134, 296946.7092341654, 161782.6667168025, 462930.3902856238, 249967.21410016954, 78385.76481096554, 322601.6002750141, 485488.0926706648, 217457.02592696337, 267781.4267270978, 299059.723341342, 0.0, 170437.84240889698], [0.0, 307388.623122262, 378367.82698850066, 48433.33691787093, 296685.069770961, 125663.5687062881, 95532.98514125893, 474706.3546288379, 340051.1909992376, 122731.21546697075, 398913.4657102967, 458874.4926447754, 170437.84240889698, 0.0]], "time_matrix": [[0.0, 61.47769388560546, 75.67352756093635, 9.686662540242915, 59.336984285700055, 25.13270117490703, 19.106587474958047, 94.94122345515585, 68.01020419474543, 24.54623082027874, 79.78265325073271, 91.77485264152877, 34.08755143800368, 0.0], [61.47769388560546, 0.0, 89.8984290367214, 64.41813797605813, 110.45221432957014, 63.2945528367061, 44.25245153344664, 36.07985585120422, 106.06183279523701, 54.66651110663472, 18.330089034365106, 36.5283080730873, 37.16728156043749, 61.47769388560546], [75.67352756093635, 89.8984290367214, 0.0, 66.80684966261859, 129.40803367085303, 100.04174124657919, 68.07213098018765, 100.38822165574223, 143.01455711511096, 96.55481307094814, 100.39978607985395, 91.6899127110382, 59.389312152177006, 75.67352756093635], [9.686662540242915, 64.41813797605813, 66.80684966261859, 0.0, 65.3004030298152, 34.78247281576285, 20.17565904605547, 95.98515008504523, 76.29185673812862, 34.023491405229755, 82.4446229470573, 91.91465322077003, 32.35651716510191, 9.686662540242915], [59.336984285700055, 110.45221432957014, 129.40803367085303, 65.3004030298152, 0.0, 47.15937765696811, 76.92745093375845, 146.46213435163997, 26.05514241237963, 55.78570617061514, 127.82699836206123, 145.46293983529912, 92.58603176410888, 59.336984285700055], [25.13270117490703, 63.2945528367061, 100.04174124657919, 34.78247281576285, 47.15937765696811, 0.0, 35.04322505095772, 99.30711587340693, 47.14226317866451, 8.633144008343994, 80.78307619231252, 98.50356540270599, 49.993417823325, 25.13270117490703], [19.106587474958047, 44.25245153344664, 68.07213098018765, 20.17565904605547, 76.92745093375845, 35.04322505095772, 0.0, 76.299996089837, 81.89914860685538, 29.47869113455602, 62.27405998439867, 72.79396369917993, 15.677145123620546, 19.106587474958047], [94.94122345515585, 36.07985585120422, 100.38822165574223, 95.98515008504523, 146.46213435163997, 99.30711587340693, 76.299996089837, 0.0, 141.77057602372483, 90.69083415743039, 20.755827355119397, 9.47616141706875, 64.52028779485893, 94.94122345515585], [68.01020419474543, 106.06183279523701, 143.01455711511096, 76.29185673812862, 26.05514241237963, 47.14226317866451, 81.89914860685538, 141.77057602372483, 0.0, 54.472905950589556, 121.74236856490016, 142.46665646124612, 97.09756998534796, 68.01020419474543], [24.54623082027874, 54.66651110663472, 96.55481307094814, 34.023491405229755, 55.78570617061514, 8.633144008343994, 29.47869113455602, 90.69083415743039, 54.472905950589556, 0.0, 72.15965089981714, 89.9841361177248, 43.491383439700954, 24.54623082027874], [79.78265325073271, 18.330089034365106, 100.39978607985395, 82.4446229470573, 127.82699836206123, 80.78307619231252, 62.27405998439867, 20.755827355119397, 121.74236856490016, 72.15965089981714, 0.0, 25.130091394150334, 53.556258567290264, 79.78265325073271], [91.77485264152877, 36.5283080730873, 91.6899127110382, 91.91465322077003, 145.46293983529912, 98.50356540270599, 72.79396369917993, 9.47616141706875, 142.46665646124612, 89.9841361177248, 25.130091394150334, 0.0, 59.81191476231102, 91.77485264152877], [34.08755143800368, 37.16728156043749, 59.389312152177006, 32.35651716510191, 92.58603176410888, 49.993417823325, 15.677145123620546, 64.52028779485893, 97.09756998534796, 43.491383439700954, 53.556258567290264, 59.81191476231102, 0.0, 34.08755143800368], [0.0, 61.47769388560546, 75.67352756093635, 9.686662540242915, 59.336984285700055, 25.13270117490703, 19.106587474958047, 94.94122345515585, 68.01020419474543, 24.54623082027874, 79.78265325073271, 91.77485264152877, 34.08755143800368, 0.0]]}